store_id,item_id,volume_tier,model,mae,rmse,wmape,actual_sum,sum_abs_error
CA_1,HOUSEHOLD_2_156,low,sarima,0.3087676148680239,0.5002637942918494,1.4409155360507784,6.0,8.645493216304668
CA_1,HOUSEHOLD_2_156,low,prophet,0.3155966477364632,0.4989186431223728,1.4727843561034948,6.0,8.836706136620968
CA_1,FOODS_3_017,low,sarima,0.2113845923271926,0.3252896144995982,1.972922861720464,3.0,5.918768585161392
CA_1,FOODS_3_017,low,prophet,0.2371405196450786,0.3287312955362356,2.213311516687401,3.0,6.6399345500622005
TX_1,FOODS_3_821,low,sarima,0.6244862768608169,0.9146582365911464,1.2489725537216338,14.0,17.485615752102873
TX_1,FOODS_3_821,low,prophet,0.5657292858946931,0.9336373748310404,1.131458571789386,14.0,15.840420005051406
TX_1,HOBBIES_2_103,low,sarima,0.7000428758446814,0.9538496095419212,1.306746701576739,15.0,19.60120052365108
TX_1,HOBBIES_2_103,low,prophet,0.7139842788340182,0.9517948513635114,1.332770653823501,15.0,19.99155980735251
CA_1,HOUSEHOLD_2_480,low,sarima,0.4686728649892458,0.5270566036849431,1.6403550274623604,8.0,13.122840219698883
CA_1,HOUSEHOLD_2_480,low,prophet,0.385894279205846,0.5376569314418047,1.350629977220461,8.0,10.805039817763689
TX_1,FOODS_2_132,low,sarima,0.341662774169246,0.5229290176497209,1.1958197095923613,8.0,9.566557676738888
TX_1,FOODS_2_132,low,prophet,0.3353155763245664,0.5268644889585787,1.1736045171359826,8.0,9.388836137087859
CA_1,HOUSEHOLD_2_121,low,sarima,0.0228495883049995,0.0404033153315213,inf,0.0,0.6397884725399859
CA_1,HOUSEHOLD_2_121,low,prophet,0.0180399756450707,0.0340698102350408,inf,0.0,0.5051193180619796
TX_1,HOBBIES_1_332,low,sarima,0.3787343923429513,0.4304577036580962,1.7674271642671062,6.0,10.604562985602637
TX_1,HOBBIES_1_332,low,prophet,0.3810650196269379,0.4308312793681927,1.7783034249257106,6.0,10.669820549554261
TX_1,FOODS_3_796,low,sarima,0.4297571464389368,0.4439905680310764,3.0083000250725576,4.0,12.03320010029023
TX_1,FOODS_3_796,low,prophet,0.4158297862334477,0.4326859837458083,2.910808503634134,4.0,11.643234014536535
CA_1,HOBBIES_1_279,low,sarima,1.0021613054156242,1.2182503766935069,0.967604019021982,29.0,28.060516551637477
CA_1,HOBBIES_1_279,low,prophet,1.0783540744751912,1.2779698773553798,1.041169451217426,29.0,30.19391408530535
TX_1,FOODS_3_111,low,sarima,0.6607302609663847,0.736620056692549,1.233363153803918,15.0,18.50044730705877
TX_1,FOODS_3_111,low,prophet,0.6065429464674786,0.7805259013125477,1.1322135000726268,15.0,16.9832025010894
TX_1,FOODS_3_640,low,sarima,0.8411529841798228,1.080863698898183,1.3854284445314726,17.0,23.552283557035036
TX_1,FOODS_3_640,low,prophet,0.8084043924641592,1.0799690496709795,1.3314895875880268,17.0,22.635322988996457
TX_1,FOODS_3_549,low,sarima,0.2152955375145326,0.3176251084973585,2.009425016802304,3.0,6.028275050406912
TX_1,FOODS_3_549,low,prophet,0.2801858778039907,0.3352610008089725,2.615068192837246,3.0,7.845204578511739
CA_1,FOODS_2_168,low,sarima,0.4903777698424705,0.5651615742755054,1.9615110793698824,7.0,13.730577555589175
CA_1,FOODS_2_168,low,prophet,0.5028576229517474,0.5704214009936932,2.0114304918069896,7.0,14.080013442648927
TX_1,FOODS_3_471,low,sarima,0.4572328803496473,0.6520685732660939,1.6003150812237656,8.0,12.802520649790125
TX_1,FOODS_3_471,low,prophet,0.4941316606323501,0.6651178074497116,1.7294608122132251,8.0,13.835686497705803
CA_1,HOBBIES_1_082,low,sarima,0.2961361448598486,0.50316841665568,1.3819686760126269,6.0,8.291812056075761
CA_1,HOBBIES_1_082,low,prophet,0.2955204445068572,0.5041494230845597,1.379095407698667,6.0,8.274572446192002
TX_1,HOUSEHOLD_1_523,low,sarima,0.4484973761782624,0.5388840487084297,1.395325170332372,9.0,12.557926532991347
TX_1,HOUSEHOLD_1_523,low,prophet,0.4487340345795444,0.5426127815484745,1.3960614409141383,9.0,12.564552968227243
CA_1,HOUSEHOLD_1_076,low,sarima,0.6340351596538314,0.7225597564160802,0.986276915017071,18.0,17.75298447030728
CA_1,HOUSEHOLD_1_076,low,prophet,0.6325782209725335,0.7200739448100618,0.9840105659572744,18.0,17.712190187230938
TX_1,HOUSEHOLD_2_283,low,sarima,0.3802162582282647,0.4081449433734632,2.1292110460782827,5.0,10.646055230391411
TX_1,HOUSEHOLD_2_283,low,prophet,0.2070604577475522,0.4105050615136424,1.159538563386293,5.0,5.797692816931462
CA_1,FOODS_3_256,low,sarima,0.2094690350430328,0.314822406619082,1.9550443270683069,3.0,5.865132981204918
CA_1,FOODS_3_256,low,prophet,0.2034109782816096,0.3113303858127579,1.8985024639616903,3.0,5.6955073918850685
CA_1,HOUSEHOLD_2_503,low,sarima,0.0618259950669297,0.1912137924670741,1.7311278618740336,1.0,1.7311278618740316
CA_1,HOUSEHOLD_2_503,low,prophet,0.0634826358967654,0.1921583601224526,1.777513805109433,1.0,1.777513805109431
CA_1,HOUSEHOLD_2_323,low,sarima,0.2349069868667401,0.5303929189541406,1.0962326053781206,6.0,6.577395632268723
CA_1,HOUSEHOLD_2_323,low,prophet,0.3266952690209838,0.506093829862437,1.5245779220979243,6.0,9.147467532587546
TX_1,HOUSEHOLD_2_077,low,sarima,0.136587132267727,0.2657715512220198,1.9122198517481783,2.0,3.824439703496356
TX_1,HOUSEHOLD_2_077,low,prophet,0.1352990102452189,0.2667938975802255,1.894186143433065,2.0,3.788372286866129
TX_1,FOODS_3_673,low,sarima,0.3541590082542848,0.4172462900420206,1.6527420385199958,6.0,9.916452231119974
TX_1,FOODS_3_673,low,prophet,0.4698478908549375,0.4738498343281357,2.192623490656375,6.0,13.15574094393825
TX_1,HOUSEHOLD_2_216,low,sarima,0.0663527938467028,0.1958371011104815,1.85787822770768,1.0,1.8578782277076784
TX_1,HOUSEHOLD_2_216,low,prophet,0.0480775995664196,0.1911500844864426,1.3461727878597514,1.0,1.3461727878597487
TX_1,HOBBIES_2_052,low,sarima,0.0825099652084949,0.1905577811804961,2.3102790258378585,1.0,2.3102790258378576
TX_1,HOBBIES_2_052,low,prophet,0.1333736480451074,0.2067558099558855,3.734462145263009,1.0,3.734462145263007
CA_1,HOBBIES_2_132,low,sarima,0.8478768946648608,1.011642004858932,2.637839227846234,9.0,23.740553050616104
CA_1,HOBBIES_2_132,low,prophet,0.8502992915912919,1.036730174708664,2.6453755738395746,9.0,23.808380164556173
TX_1,HOUSEHOLD_2_261,low,sarima,0.3802072062444019,0.509162970606595,1.520828824977608,7.0,10.645801774843253
TX_1,HOUSEHOLD_2_261,low,prophet,0.3444515711426281,0.5138396582067185,1.3778062845705124,7.0,9.644643991993586
TX_1,FOODS_2_383,low,sarima,0.921333875203408,1.2067991192637038,1.228445166937877,21.0,25.797348505695425
TX_1,FOODS_2_383,low,prophet,0.9416096875047176,1.23332858781402,1.2554795833396235,21.0,26.365071250132093
CA_1,HOBBIES_2_121,low,sarima,0.4026496704918776,0.9763890424456856,1.1274190773772574,10.0,11.274190773772574
CA_1,HOBBIES_2_121,low,prophet,0.5208346541668126,0.9420096268502252,1.4583370316670752,10.0,14.583370316670754
TX_1,HOBBIES_2_055,low,sarima,0.3754376110385387,0.7063337683625951,1.3140316386348854,8.0,10.512253109079083
TX_1,HOBBIES_2_055,low,prophet,0.3882548233080354,0.7108289359657222,1.358891881578124,8.0,10.871135052624991
CA_1,HOUSEHOLD_1_534,low,sarima,0.7541442208829281,0.8741353563017931,1.0558019092360993,20.0,21.116038184721987
CA_1,HOUSEHOLD_1_534,low,prophet,0.7391284115635782,0.8655252195181488,1.0347797761890096,20.0,20.69559552378019
TX_1,HOBBIES_2_147,low,sarima,1.3152476338276191,2.1082803338219094,1.0521981070620956,35.0,36.826933747173335
TX_1,HOBBIES_2_147,low,prophet,1.3239825134760763,2.1204413204864245,1.0591860107808613,35.0,37.071510377330135
CA_1,HOBBIES_1_375,low,sarima,0.1842637669660534,0.6236903562932552,1.0318770950098994,5.0,5.159385475049495
CA_1,HOBBIES_1_375,low,prophet,0.2154019834854851,0.6124727578983274,1.206251107518717,5.0,6.031255537593583
TX_1,FOODS_3_033,low,sarima,0.5162249128546053,0.5752548342462156,2.064899651418421,7.0,14.454297559928946
TX_1,FOODS_3_033,low,prophet,0.5074823757034731,0.5703316325392168,2.0299295028138924,7.0,14.209506519697246
CA_1,FOODS_2_007,low,sarima,0.7416898702810724,1.021081016120756,2.076731636787003,10.0,20.767316367870027
CA_1,FOODS_2_007,low,prophet,0.6259800322712403,0.9660127850174371,1.752744090359473,10.0,17.52744090359473
TX_1,HOBBIES_2_138,low,sarima,0.2953291072659318,0.411428285074046,4.134607501723045,2.0,8.26921500344609
TX_1,HOBBIES_2_138,low,prophet,0.2878316814901432,0.4070829401397226,4.029643540862005,2.0,8.05928708172401
TX_1,HOUSEHOLD_2_032,low,sarima,0.2318800212632046,0.3139993920327588,2.16421353178991,3.0,6.492640595369728
TX_1,HOUSEHOLD_2_032,low,prophet,0.2336162604903522,0.3099398515892018,2.180418431243288,3.0,6.541255293729861
TX_1,FOODS_2_313,low,sarima,0.3491432267271454,0.3903031994063504,2.4440025870900177,4.0,9.77601034836007
TX_1,FOODS_2_313,low,prophet,0.3029024664025425,0.3719268377357023,2.120317264817798,4.0,8.48126905927119
TX_1,HOUSEHOLD_2_504,low,sarima,0.2581585906989784,0.6284583642632595,1.2047400899285663,6.0,7.228440539571395
TX_1,HOUSEHOLD_2_504,low,prophet,0.2317246801851208,0.6398084535507756,1.081381840863897,6.0,6.488291045183383
CA_1,HOUSEHOLD_1_239,low,sarima,0.7223375197598935,0.9098683853929308,0.9631166930131914,21.0,20.225450553277017
CA_1,HOUSEHOLD_1_239,low,prophet,0.7317182080009186,0.917415314755617,0.975624277334558,21.0,20.48810982402572
TX_1,FOODS_2_209,low,sarima,0.6148979293119771,0.7136705635868895,1.721714202073536,10.0,17.21714202073536
TX_1,FOODS_2_209,low,prophet,0.5740500505613457,0.6599977740572625,1.607340141571768,10.0,16.07340141571768
CA_1,HOBBIES_2_041,low,sarima,1.0504482909186716,2.2026558540676104,1.014225936059407,29.0,29.412552145722806
CA_1,HOBBIES_2_041,low,prophet,1.0503446659133528,2.2099492717497173,1.0141258843301335,29.0,29.40965064557388
CA_1,HOBBIES_2_045,low,sarima,0.5500420073442029,0.765457769064609,1.100084014688406,14.0,15.401176205637682
CA_1,HOBBIES_2_045,low,prophet,0.5694369848781898,0.744946483371178,1.1388739697563797,14.0,15.944235576589316
TX_1,HOBBIES_1_223,low,sarima,1.1728574143224109,2.009327462527821,1.9317651530016176,17.0,32.8400076010275
TX_1,HOBBIES_1_223,low,prophet,1.0689105043711662,1.9622517069974823,1.7605584777878032,17.0,29.929494122392654
CA_1,HOBBIES_1_210,low,sarima,0.0012333597717587,0.0027984132438319,inf,0.0,0.0345340736092436
CA_1,HOBBIES_1_210,low,prophet,0.0208925936959482,0.0391085912634882,inf,0.0,0.5849926234865496
CA_1,HOUSEHOLD_2_296,low,sarima,0.3462886085642604,0.8463927917139801,1.077342337755477,9.0,9.696081039799292
CA_1,HOUSEHOLD_2_296,low,prophet,0.4148181688288508,0.8150425362363394,1.2905454141342023,9.0,11.614908727207823
TX_1,HOBBIES_2_044,low,sarima,0.1625537483869688,0.216754203652578,4.551504954835128,1.0,4.551504954835126
TX_1,HOBBIES_2_044,low,prophet,0.16925306419607,0.2206517694558164,4.7390857974899605,1.0,4.73908579748996
TX_1,FOODS_3_758,low,sarima,0.5390683247867779,0.8609993194851787,1.372173917639071,11.0,15.093913094029782
TX_1,FOODS_3_758,low,prophet,0.5514078827418752,0.8594195091722887,1.4035837015247734,11.0,15.439420716772506
TX_1,HOUSEHOLD_1_085,low,sarima,0.1445670222749439,0.3076659433676861,1.3492922078994771,3.0,4.0478766236984285
TX_1,HOUSEHOLD_1_085,low,prophet,0.1485720154603838,0.3161601771966962,1.3866721442969154,3.0,4.160016432890746
TX_1,HOUSEHOLD_2_192,low,sarima,0.278279633099786,0.4189625302128316,1.2986382877990017,6.0,7.791829726794008
TX_1,HOUSEHOLD_2_192,low,prophet,0.2773558804118705,0.4183879340056683,1.2943274419220625,6.0,7.765964651532373
TX_1,HOBBIES_1_240,low,sarima,0.4037307027811203,0.4231174957267228,2.260891935574274,5.0,11.304459677871368
TX_1,HOBBIES_1_240,low,prophet,0.5302120787746394,0.5370490455315777,2.9691876411379807,5.0,14.845938205689903
CA_1,FOODS_2_123,low,sarima,0.8393719609370026,1.1291368285758745,0.7121943910980628,33.0,23.502414906236073
CA_1,FOODS_2_123,low,prophet,0.7611525038731797,1.057007477879855,0.6458263669226979,33.0,21.31227010844903
TX_1,HOUSEHOLD_2_147,low,sarima,0.0012186456701177,0.0020793030327111,inf,0.0,0.0341220787632956
TX_1,HOUSEHOLD_2_147,low,prophet,0.0046242008003718,0.0069963288946502,inf,0.0,0.12947762241041041
TX_1,HOBBIES_2_128,low,sarima,0.3349477695769863,0.7781450444780982,1.3397910783079454,7.0,9.378537548155617
TX_1,HOBBIES_2_128,low,prophet,0.3120094285786243,0.7819517808022869,1.2480377143144972,7.0,8.73626400020148
TX_1,FOODS_3_379,low,sarima,0.2646928035296135,0.388492353017965,1.852849624707295,4.0,7.411398498829178
TX_1,FOODS_3_379,low,prophet,0.297968942645555,0.3915156175581821,2.085782598518885,4.0,8.34313039407554
TX_1,HOBBIES_1_198,low,sarima,0.6710699327263281,1.095966023801355,1.174372382271074,16.0,18.789958116337186
TX_1,HOBBIES_1_198,low,prophet,0.6650905256638465,1.0981548574132396,1.163908419911731,16.0,18.6225347185877
TX_1,HOUSEHOLD_2_293,low,sarima,0.2569793566101542,0.3224404664592775,2.3984739950281058,3.0,7.195421985084318
TX_1,HOUSEHOLD_2_293,low,prophet,0.2466166408517147,0.3179491222209435,2.301755314616004,3.0,6.905265943848011
TX_1,HOBBIES_2_042,low,sarima,0.6805509952355028,0.8746069244278503,1.0029172561365305,19.0,19.055427866594076
TX_1,HOBBIES_2_042,low,prophet,0.6779109664958565,0.8718381470535876,0.999026687467578,19.0,18.98150706188398
TX_1,HOUSEHOLD_1_035,low,sarima,0.3313901413278669,0.4788723108702448,1.5464873261967125,6.0,9.278923957180274
TX_1,HOUSEHOLD_1_035,low,prophet,0.3483788982371563,0.4795911086468278,1.6257681917733962,6.0,9.754609150640377
TX_1,FOODS_3_186,medium,sarima,0.4594779267217327,0.4896749991436611,1.8379117068869308,7.0,12.865381948208515
TX_1,FOODS_3_186,medium,prophet,0.416493442443929,0.4671921095953101,1.6659737697757162,7.0,11.661816388430012
CA_1,HOUSEHOLD_2_346,medium,sarima,1.3543841073793967,1.5412956306704626,1.8961377503311556,20.0,37.922755006623106
CA_1,HOUSEHOLD_2_346,medium,prophet,1.1493790255319527,1.3136881771912974,1.6091306357447337,20.0,32.182612714894674
CA_1,HOUSEHOLD_2_044,medium,sarima,1.3711139633366969,1.6225360504892283,0.5118825463123668,75.0,38.39119097342751
CA_1,HOUSEHOLD_2_044,medium,prophet,1.391760483122176,1.6468153426266745,0.5195905803656123,75.0,38.96929352742092
TX_1,HOUSEHOLD_2_369,medium,sarima,0.7522070478789337,0.9606943297677236,1.1085156495057968,19.0,21.06179734061014
TX_1,HOUSEHOLD_2_369,medium,prophet,0.7648389353528795,0.959730704484868,1.1271310626252962,19.0,21.415490189880625
TX_1,FOODS_3_012,medium,sarima,0.4341475186926575,0.5639317788817891,3.0390326308486024,4.0,12.15613052339441
TX_1,FOODS_3_012,medium,prophet,0.2731735173501075,0.5305985293827143,1.9122146214507525,4.0,7.648858485803009
TX_1,FOODS_3_565,medium,sarima,0.5691230851566103,0.6282256782707952,1.327953865365424,12.0,15.935446384385088
TX_1,FOODS_3_565,medium,prophet,0.6084988517230719,0.6511437711826064,1.4198306540205012,12.0,17.037967848246016
TX_1,FOODS_2_193,medium,sarima,0.6946286953591514,0.7826986900111794,1.7681457700051126,11.0,19.44960347005624
TX_1,FOODS_2_193,medium,prophet,0.6322727026546678,0.6734188576058386,1.6094214249391543,11.0,17.703635674330698
CA_1,FOODS_3_452,medium,sarima,0.5091490689405135,0.5505683044469861,1.2960158118485798,11.0,14.256173930334377
CA_1,FOODS_3_452,medium,prophet,0.5261786880966771,0.5578280049353685,1.3393639333369964,11.0,14.733003266706959
TX_1,HOUSEHOLD_1_042,medium,sarima,1.0979683638023736,1.4597324474698263,0.6404815455513847,48.0,30.74311418646646
TX_1,HOUSEHOLD_1_042,medium,prophet,1.1491969882182833,1.3599764920435826,0.6703649097939985,48.0,32.17751567011193
TX_1,FOODS_3_279,medium,sarima,0.5007745049446833,0.5476385859799188,1.5579651264945702,9.0,14.021686138451134
TX_1,FOODS_3_279,medium,prophet,0.4213140641479703,0.5459495585678733,1.31075486623813,9.0,11.796793796143168
TX_1,HOUSEHOLD_1_233,medium,sarima,0.4896132330918536,0.6756461794613928,0.9792264661837072,14.0,13.709170526571901
TX_1,HOUSEHOLD_1_233,medium,prophet,0.5053775081686686,0.6422768673633745,1.010755016337337,14.0,14.150570228722719
CA_1,FOODS_3_061,medium,sarima,0.5614614924801767,0.6229112123525867,0.9825576118403092,16.0,15.72092178944495
CA_1,FOODS_3_061,medium,prophet,0.5575678929411217,0.6259243141258543,0.9757438126469632,16.0,15.61190100235141
CA_1,HOBBIES_1_031,medium,sarima,0.3740227663683258,0.4038170636916365,2.618159364578281,4.0,10.472637458313123
CA_1,HOBBIES_1_031,medium,prophet,0.3128227699768313,0.3753491206162884,2.18975938983782,4.0,8.759037559351276
CA_1,FOODS_3_521,medium,sarima,1.2403425442862548,1.3908102621867793,1.0852997262504729,32.0,34.72959124001513
CA_1,FOODS_3_521,medium,prophet,1.2308704799340533,1.391303133154386,1.0770116699422967,32.0,34.464373438153494
TX_1,HOUSEHOLD_2_476,medium,sarima,1.376459565845208,2.1447782218190867,0.988227380606816,39.0,38.54086784366582
TX_1,HOUSEHOLD_2_476,medium,prophet,1.3835908399862518,2.1355338594502644,0.9933472697337192,39.0,38.74054351961505
CA_1,HOBBIES_2_032,medium,sarima,1.1836701300425525,2.045013886005198,0.946936104034042,35.0,33.14276364119147
CA_1,HOBBIES_2_032,medium,prophet,1.1956411053097564,2.1067266946284464,0.9565128842478052,35.0,33.47795094867318
TX_1,FOODS_1_075,medium,sarima,0.1775116171164353,0.2316421575344744,4.970325279260188,1.0,4.970325279260188
TX_1,FOODS_1_075,medium,prophet,0.1414685660830068,0.2139990321712919,3.961119850324191,1.0,3.9611198503241907
TX_1,FOODS_3_341,medium,sarima,0.4369221196873797,0.6943730803574798,1.223381935124663,10.0,12.233819351246632
TX_1,FOODS_3_341,medium,prophet,0.4807608381819795,0.6773126170488862,1.346130346909543,10.0,13.461303469095427
TX_1,FOODS_1_198,medium,sarima,0.8924063548353326,1.07619277590783,1.3151251544941742,19.0,24.98737793538931
TX_1,FOODS_1_198,medium,prophet,0.855059065166376,1.0801769338061529,1.2600870434030804,19.0,23.941653824658527
TX_1,HOBBIES_1_172,medium,sarima,0.1682208255769929,0.4653368960155622,1.1775457790389503,4.0,4.710183116155801
TX_1,HOBBIES_1_172,medium,prophet,0.1738626282624548,0.4646069844423177,1.217038397837184,4.0,4.868153591348735
CA_1,HOBBIES_1_350,medium,sarima,0.2086667522853361,0.4280041053794908,1.9475563546631376,3.0,5.842669063989411
CA_1,HOBBIES_1_350,medium,prophet,0.2189804494874466,0.4335935221511017,2.0438175285495017,3.0,6.131452585648505
CA_1,HOUSEHOLD_2_213,medium,sarima,1.2170906609603325,1.5260034048533109,0.5875610087394708,58.0,34.07853850688931
CA_1,HOUSEHOLD_2_213,medium,prophet,1.2437896076302752,1.5725694788123985,0.6004501554077192,58.0,34.82610901364771
CA_1,FOODS_1_188,medium,sarima,1.4540390313617304,1.8653737622622653,0.8481894349610094,48.0,40.71309287812845
CA_1,FOODS_1_188,medium,prophet,1.4710731387590603,1.8736040174749848,0.8581259976094521,48.0,41.19004788525369
CA_1,HOUSEHOLD_2_203,medium,sarima,1.5515266577280526,2.109021414773297,1.034351105152035,42.0,43.442746416385475
CA_1,HOUSEHOLD_2_203,medium,prophet,1.4902580631523643,2.176411411836392,0.9935053754349096,42.0,41.7272257682662
CA_1,FOODS_3_297,medium,sarima,1.0253018557726843,1.170032482843259,0.956948398721172,30.0,28.70845196163516
CA_1,FOODS_3_297,medium,prophet,0.8208801430011429,1.0170525593894828,0.7661548001344,30.0,22.984644004032
CA_1,FOODS_3_240,medium,sarima,0.9072556915855728,1.5394716573531122,1.270157968219802,20.0,25.40315936439604
CA_1,FOODS_3_240,medium,prophet,0.9013412216342516,1.5392343963563409,1.261877710287952,20.0,25.237554205759043
TX_1,FOODS_3_777,medium,sarima,1.0678108259017545,1.61219949751267,0.9966234375083044,30.0,29.898703125249124
TX_1,FOODS_3_777,medium,prophet,1.0763868203628462,1.6291431484548244,1.0046276990053231,30.0,30.13883097015969
TX_1,HOUSEHOLD_1_201,medium,sarima,1.360543658097242,1.6824249603407138,0.793650467223391,48.0,38.09522242672278
TX_1,HOUSEHOLD_1_201,medium,prophet,1.3538444468473847,1.652996342203808,0.7897425939943078,48.0,37.90764451172677
TX_1,FOODS_3_340,medium,sarima,0.7050194915220648,0.8942353530431022,1.3160363841745208,15.0,19.740545762617813
TX_1,FOODS_3_340,medium,prophet,0.702361904686801,0.8908761028392423,1.311075555415362,15.0,19.66613333123043
CA_1,FOODS_3_707,medium,sarima,0.9328471595003436,2.6120130351280846,1.0046046333080625,26.0,26.11972046600962
CA_1,FOODS_3_707,medium,prophet,1.0051599609277668,2.543053184916062,1.0824799579222104,26.0,28.144478905977472
CA_1,HOUSEHOLD_1_160,medium,sarima,1.0045194631691368,1.199397508804067,0.4536539511086424,62.0,28.12654496873583
CA_1,HOUSEHOLD_1_160,medium,prophet,1.2269905092596776,1.428694231590894,0.5541247461172738,62.0,34.355734259270974
TX_1,HOBBIES_1_409,medium,sarima,0.52942266190432,0.650812367484002,1.6470927259245511,9.0,14.823834533320959
TX_1,HOBBIES_1_409,medium,prophet,0.5388338605221769,0.6524729200530739,1.6763720105134392,9.0,15.087348094620951
CA_1,FOODS_2_108,medium,sarima,0.6512597061733559,0.998553528110479,1.0130706540474426,18.0,18.235271772853967
CA_1,FOODS_2_108,medium,prophet,0.6502775132217516,1.0131708840261686,1.011542798344947,18.0,18.207770370209047
CA_1,HOUSEHOLD_2_443,medium,sarima,0.4411600066062616,0.955425865147386,1.122952744088666,11.0,12.352480184975324
CA_1,HOUSEHOLD_2_443,medium,prophet,0.5950000962076641,0.9124172775044764,1.514545699437691,11.0,16.660002693814597
CA_1,FOODS_1_078,medium,sarima,0.7446688157458576,0.9103542426726638,1.0974066758360008,19.0,20.850726840884015
CA_1,FOODS_1_078,medium,prophet,0.7260486656541751,0.954003498775442,1.069966454648258,19.0,20.329362638316905
TX_1,HOUSEHOLD_1_515,medium,sarima,0.6992670485580893,0.8740925330594973,0.9789738679813252,20.0,19.5794773596265
TX_1,HOUSEHOLD_1_515,medium,prophet,0.7038450775061283,0.8695192839255951,0.9853831085085798,20.0,19.707662170171595
CA_1,FOODS_3_522,medium,sarima,1.1377318058848152,2.336993550371222,1.0276287278959622,31.0,31.856490564774823
CA_1,FOODS_3_522,medium,prophet,1.1199734925537188,2.368185303124582,1.011588961016262,31.0,31.359257791504128
TX_1,FOODS_3_571,medium,sarima,0.5982383278479427,0.6865347910394068,0.9853337164554352,17.0,16.750673179742396
TX_1,FOODS_3_571,medium,prophet,0.5965425527066458,0.7139169318131289,0.98254067504624,17.0,16.70319147578608
TX_1,HOUSEHOLD_1_490,medium,sarima,0.5419078415634211,0.6132301388391292,1.517341956377579,10.0,15.173419563775791
TX_1,HOUSEHOLD_1_490,medium,prophet,0.5200963877029133,0.6078464697108623,1.4562698855681573,10.0,14.562698855681573
CA_1,FOODS_3_243,medium,sarima,0.7141458659773422,0.7837003083215007,1.1762402498450342,17.0,19.99608424736558
CA_1,FOODS_3_243,medium,prophet,0.7327331268241497,0.7997585779481093,1.206854561828011,17.0,20.51652755107619
CA_1,FOODS_1_156,medium,sarima,1.0614166268380412,1.3511327676153695,0.6754469443514808,44.0,29.71966555146515
CA_1,FOODS_1_156,medium,prophet,1.1034930078572731,1.3981368886139691,0.7022228231819011,44.0,30.897804220003646
CA_1,HOUSEHOLD_1_360,medium,sarima,0.4837228553596497,0.4988126693426598,2.2573733250116987,6.0,13.544239950070192
CA_1,HOUSEHOLD_1_360,medium,prophet,0.4661567715608669,0.4761614647631327,2.175398267284045,6.0,13.052389603704272
CA_1,HOUSEHOLD_1_374,medium,sarima,0.8056581268440669,1.0878653717542115,1.0253830705288125,22.0,22.558427551633873
CA_1,HOUSEHOLD_1_374,medium,prophet,0.8010874292102115,1.0846091280152448,1.019565818994815,22.0,22.430448017885922
TX_1,HOUSEHOLD_1_014,medium,sarima,0.5838336703141868,0.6270553022848159,1.634734276879723,10.0,16.34734276879723
TX_1,HOUSEHOLD_1_014,medium,prophet,0.5223547547097358,0.5823672104927743,1.4625933131872604,10.0,14.625933131872603
TX_1,FOODS_2_348,medium,sarima,0.6001616970237901,0.6443692480973128,2.100565939583265,8.0,16.804527516666123
TX_1,FOODS_2_348,medium,prophet,0.6207349569066346,0.6523780643810628,2.172572349173221,8.0,17.38057879338577
TX_1,HOBBIES_1_089,medium,sarima,0.8394206539421077,1.0350525099629175,0.9401511324151606,25.0,23.503778310379015
TX_1,HOBBIES_1_089,medium,prophet,0.838271559445731,1.0290304457692834,0.9388641465792186,25.0,23.471603664480465
CA_1,FOODS_3_648,medium,sarima,0.881726329587773,1.5227888436823047,1.5430210767786028,16.0,24.688337228457645
CA_1,FOODS_3_648,medium,prophet,0.768382990030459,1.509207231476176,1.344670232553303,16.0,21.51472372085285
CA_1,HOUSEHOLD_1_485,medium,sarima,0.683272658516383,0.7878504877232888,1.0069281283399327,19.0,19.131634438458722
CA_1,HOUSEHOLD_1_485,medium,prophet,0.694997418867769,0.8077766745698449,1.024206722541975,19.0,19.459927728297533
TX_1,FOODS_3_684,medium,sarima,0.6893637290374338,0.8137376669732648,1.0159044427920076,19.0,19.302184413048145
TX_1,FOODS_3_684,medium,prophet,0.6885206187254539,0.8134436249623808,1.014661964437511,19.0,19.27857732431271
TX_1,FOODS_2_118,medium,sarima,1.3877200629249888,1.5347681505554691,1.1428282871146966,34.0,38.856161761899685
TX_1,FOODS_2_118,medium,prophet,1.2236339811447756,1.4388039533238253,1.0076985727074623,34.0,34.26175147205372
CA_1,HOBBIES_1_098,medium,sarima,0.7990474056379815,1.048819005828681,1.118666367893174,20.0,22.37332735786348
CA_1,HOBBIES_1_098,medium,prophet,0.8377600320762354,1.0705665207668214,1.1728640449067296,20.0,23.45728089813459
CA_1,FOODS_3_312,medium,sarima,0.8285831725264394,1.069867666625277,0.6628665380211516,35.0,23.200328830740304
CA_1,FOODS_3_312,medium,prophet,0.8122933498812018,1.059845312875178,0.6498346799049615,35.0,22.74421379667365
TX_1,FOODS_3_453,medium,sarima,0.3588005848102101,0.5130055603572765,1.4352023392408404,7.0,10.046416374685883
TX_1,FOODS_3_453,medium,prophet,0.3424273550685491,0.518518128251503,1.3697094202741964,7.0,9.587965941919375
TX_1,FOODS_1_188,medium,sarima,1.043531771983522,1.1975461786093673,0.8593791063393711,34.0,29.218889615538615
TX_1,FOODS_1_188,medium,prophet,1.00540937422915,1.243430238718683,0.8279841905416531,34.0,28.151462478416203
CA_1,HOUSEHOLD_1_120,medium,sarima,0.5207129301320661,0.5560097119480695,1.4579962043697852,10.0,14.57996204369785
CA_1,HOUSEHOLD_1_120,medium,prophet,0.4561752663436217,0.5468653089114551,1.277290745762141,10.0,12.772907457621407
CA_1,HOUSEHOLD_2_152,medium,sarima,0.6230734750765787,1.0481708281388842,1.4538381085120171,12.0,17.446057302144204
CA_1,HOUSEHOLD_2_152,medium,prophet,0.6158964963683975,1.0633786133495022,1.4370918248595943,12.0,17.24510189831513
TX_1,FOODS_3_208,medium,sarima,0.719278355215371,0.8479271760338427,1.1188774414461329,18.0,20.139793946030387
TX_1,FOODS_3_208,medium,prophet,0.6902765045266251,0.8688716276268162,1.0737634514858614,18.0,19.327742126745505
TX_1,FOODS_2_025,medium,sarima,0.5506964764418328,0.6267379388949034,1.1861154877208708,13.0,15.419501340371319
TX_1,FOODS_2_025,medium,prophet,0.5146398336454957,0.6587230537876806,1.1084550263133752,13.0,14.40991534207388
TX_1,HOBBIES_1_010,medium,sarima,0.5987133452673259,0.6991106802165744,2.0954967084356406,8.0,16.763973667485125
TX_1,HOBBIES_1_010,medium,prophet,0.6166796803916014,0.7050689014394567,2.158378881370605,8.0,17.26703105096484
CA_1,FOODS_3_402,medium,sarima,0.6528238573447485,0.8318002194282764,0.9139534002826478,20.0,18.279068005652956
CA_1,FOODS_3_402,medium,prophet,0.6849474585936849,0.8230168796572014,0.9589264420311588,20.0,19.178528840623176
CA_1,FOODS_3_678,high,sarima,0.990592841266964,1.2131332095235678,1.027281465017592,27.0,27.736599555474992
CA_1,FOODS_3_678,high,prophet,1.9139109401120544,2.1599529337284302,1.984796530486575,27.0,53.58950632313753
CA_1,HOUSEHOLD_1_141,high,sarima,0.8650982729389021,1.0799828761604444,0.8650982729389021,28.0,24.222751642289257
CA_1,HOUSEHOLD_1_141,high,prophet,0.8528749366813253,1.0735282503630277,0.8528749366813253,28.0,23.88049822707711
CA_1,FOODS_3_458,high,sarima,2.825795903922104,3.3333485519330783,0.4709659839870173,168.0,79.12228530981892
CA_1,FOODS_3_458,high,prophet,2.5869812020268346,3.183698111950112,0.4311635336711391,168.0,72.43547365675137
CA_1,FOODS_3_524,high,sarima,0.7275037668317541,1.4763901562594963,inf,0.0,20.370105471289115
CA_1,FOODS_3_524,high,prophet,9.174412701928365,9.351236753186177,inf,0.0,256.8835556539942
TX_1,HOUSEHOLD_1_434,high,sarima,0.9452224489792262,1.3191039434535403,0.6455177700345935,41.0,26.466228571418334
TX_1,HOUSEHOLD_1_434,high,prophet,0.9953355482195274,1.2497772757189092,0.6797413500035797,41.0,27.869395350146767
CA_1,HOUSEHOLD_1_066,high,sarima,2.0437481966085715,2.7288939279042106,0.3060157727542246,187.0,57.22494950504
CA_1,HOUSEHOLD_1_066,high,prophet,2.1795131367610527,2.8093867929398924,0.3263442129909598,187.0,61.02636782930948
CA_1,FOODS_3_646,high,sarima,1.991141606113928,2.314448116812388,0.995570803056964,56.0,55.751964971189985
CA_1,FOODS_3_646,high,prophet,1.6623465025330515,2.190065639279095,0.8311732512665259,56.0,46.545702070925444
CA_1,FOODS_3_154,high,sarima,1.5416677519183064,2.326171836260545,0.8301287894944728,52.0,43.16669705371258
CA_1,FOODS_3_154,high,prophet,1.5217996690490807,2.306038708399899,0.8194305910264281,52.0,42.61039073337426
TX_1,FOODS_1_099,high,sarima,2.342847738402955,2.878797266605188,0.4287564488580571,153.0,65.59973667528274
TX_1,FOODS_1_099,high,prophet,2.135426245190301,2.7836409986703,0.3907969599041074,153.0,59.791934865328436
TX_1,FOODS_2_349,high,sarima,1.597735113919421,1.9012939592709592,0.9941462931054174,45.0,44.73658318974378
TX_1,FOODS_2_349,high,prophet,1.0356558451679474,1.256504205734303,0.6444080814378339,45.0,28.998363664702527
TX_1,FOODS_3_124,high,sarima,2.303675690763612,2.649656931432773,1.0750486556896854,60.0,64.50291934138113
TX_1,FOODS_3_124,high,prophet,1.7291680717954152,2.0664279434421973,0.8069451001711937,60.0,48.416706010271625
CA_1,FOODS_2_353,high,sarima,1.2598473489998403,1.6986567451108443,1.1379266378063075,31.0,35.275725771995525
CA_1,FOODS_2_353,high,prophet,1.1220124667673288,1.551521047876324,1.013430615144684,31.0,31.416349069485207
TX_1,FOODS_3_741,high,sarima,1.388548763111837,1.7238899136488013,0.8099867784819049,48.0,38.879365367131435
TX_1,FOODS_3_741,high,prophet,1.3432828067645437,1.7473401713981391,0.7835816372793172,48.0,37.611918589407225
CA_1,FOODS_3_185,high,sarima,1.1714534853421383,1.4228457639342058,0.6833478664495808,48.0,32.800697589579876
CA_1,FOODS_3_185,high,prophet,0.9998085116129076,1.4399161497641233,0.5832216317741962,48.0,27.994638325161414
TX_1,HOUSEHOLD_2_225,high,sarima,1.6134068044129657,1.876106736087312,0.4428959855251277,102.0,45.17539052356304
TX_1,HOUSEHOLD_2_225,high,prophet,1.6573649443756653,1.9155795738293495,0.4549629259070454,102.0,46.40621844251863
CA_1,FOODS_3_546,high,sarima,1.9920743032359445,2.3952447194566107,0.416254332019451,134.0,55.77808049060644
CA_1,FOODS_3_546,high,prophet,2.6341723256514844,3.009719002272865,0.5504240680465788,134.0,73.75682511824157
TX_1,FOODS_2_086,high,sarima,0.8691711144048468,1.2353407697395171,0.7374785213132034,33.0,24.33679120333571
TX_1,FOODS_2_086,high,prophet,0.8681239631573161,1.2112721626215197,0.7365900293456015,33.0,24.30747096840485
CA_1,HOUSEHOLD_1_409,high,sarima,3.1054029239226977,3.742571055758552,0.4649801169509922,187.0,86.95128186983554
CA_1,HOUSEHOLD_1_409,high,prophet,3.1070486571127414,3.660971313929938,0.4652265368938864,187.0,86.99736239915676
TX_1,FOODS_3_454,high,sarima,3.310666105024904,4.077104287632881,0.8663425321560497,107.0,92.69865094069732
TX_1,FOODS_3_454,high,prophet,3.723684408592972,4.19349613095325,0.9744220882299368,107.0,104.26316344060321
CA_1,HOUSEHOLD_1_434,high,sarima,1.2751605394038248,1.6353362941705445,0.4760599347107613,75.0,35.704495103307096
CA_1,HOUSEHOLD_1_434,high,prophet,1.2815731966226918,1.630128074374367,0.4784539934058049,75.0,35.88404950543537
CA_1,FOODS_3_504,high,sarima,1.1904980494298676,1.47810154338179,0.5376442803876821,62.0,33.33394538403629
CA_1,FOODS_3_504,high,prophet,1.4664223043583884,1.8827159871595147,0.6622552342263689,62.0,41.05982452203487
TX_1,HOBBIES_1_043,high,sarima,2.83709422464374,3.270171279626698,0.8925689695508394,89.0,79.43863829002473
TX_1,HOBBIES_1_043,high,prophet,2.644241074668417,3.287992208048921,0.8318960684350075,89.0,74.03875009071567
CA_1,FOODS_1_130,high,sarima,1.2241672732926865,1.6061105405696408,0.4896669093170746,70.0,34.276683652195224
CA_1,FOODS_1_130,high,prophet,1.2021299202680171,1.6392066118175157,0.4808519681072068,70.0,33.65963776750448
CA_1,FOODS_3_785,high,sarima,18.44780537720829,19.907107750656245,0.8623348089513058,599.0,516.5385505618322
CA_1,FOODS_3_785,high,prophet,14.7890588448584,16.85247091778326,0.691308259859825,599.0,414.0936476560352
CA_1,FOODS_3_080,high,sarima,4.056183831956242,5.689539397107085,0.2151006577552552,528.0,113.57314729477478
CA_1,FOODS_3_080,high,prophet,4.3011522696793865,6.031759841230785,0.2280914082405735,528.0,120.43226355102283
CA_1,FOODS_3_054,high,sarima,3.5933852090389204,4.671644380876407,0.9864194691479388,102.0,100.61478585308977
CA_1,FOODS_3_054,high,prophet,3.637318994411891,4.754340812200083,0.9984797239562052,102.0,101.84493184353295
TX_1,FOODS_3_413,high,sarima,1.195710626259611,1.4455972680311917,0.7439977230059804,45.0,33.47989753526911
TX_1,FOODS_3_413,high,prophet,1.0065744801715149,1.219855243416021,0.6263130098844981,45.0,28.184085444802417
TX_1,HOUSEHOLD_1_418,high,sarima,4.043362747541008,5.455746918907266,0.3180172947504163,356.0,113.21415693114822
TX_1,HOUSEHOLD_1_418,high,prophet,4.107230535110493,5.332472753761347,0.3230406038850949,356.0,115.00245498309381
CA_1,FOODS_3_477,high,sarima,1.7892669284430471,2.469875266629469,0.3274475424601655,153.0,50.09947399640532
CA_1,FOODS_3_477,high,prophet,1.888680464352469,2.4198176473288795,0.3456408692932623,153.0,52.883053001869136
CA_1,FOODS_3_265,high,sarima,1.0432956704943714,1.277220486821992,0.9128837116825752,32.0,29.2122787738424
CA_1,FOODS_3_265,high,prophet,1.0739913918103394,1.5273462018407582,0.9397424678340468,32.0,30.071758970689505
TX_1,FOODS_1_184,high,sarima,1.1665907234562678,1.4099571510711713,0.8595931646519868,38.0,32.664540256775496
TX_1,FOODS_1_184,high,prophet,1.6519069964123614,1.888916018636501,1.2171946289354243,38.0,46.25339589954612
CA_1,HOUSEHOLD_1_482,high,sarima,1.3830205557724375,1.6372418834053275,0.6050714931504414,64.0,38.72457556162825
CA_1,HOUSEHOLD_1_482,high,prophet,1.007655987323158,1.2194593430036884,0.4408494944538815,64.0,28.214367645048426
CA_1,FOODS_1_218,high,sarima,5.21137320648663,6.221748054673542,0.5424477687049281,269.0,145.91844978162564
CA_1,FOODS_1_218,high,prophet,5.228099233801374,6.189347725683731,0.5441887678306263,269.0,146.38677854643848
CA_1,HOUSEHOLD_1_062,high,sarima,1.1727064178980933,1.4869624558859147,0.8640994658196477,38.0,32.83577970114661
CA_1,HOUSEHOLD_1_062,high,prophet,1.1336975425003482,1.46411909680179,0.835356083947625,38.0,31.743531190009747
CA_1,FOODS_1_058,high,sarima,2.552878130804394,3.3922659518481413,0.9659538873313924,74.0,71.48058766252304
CA_1,FOODS_1_058,high,prophet,2.2694367693806097,3.0174164380420887,0.858705804630501,74.0,63.54422954265707
CA_1,HOUSEHOLD_1_458,high,sarima,4.139558152090358,5.208266163900608,0.7779035453592619,149.0,115.90762825853002
CA_1,HOUSEHOLD_1_458,high,prophet,4.307134473440798,5.417005666781123,0.8093943976935727,149.0,120.59976525634235
TX_1,FOODS_3_203,high,sarima,0.9106606671688968,1.1755826615002622,0.7968280837727847,32.0,25.49849868072911
TX_1,FOODS_3_203,high,prophet,0.90686429902918,1.1597130640303397,0.7935062616505324,32.0,25.39220037281704
CA_1,FOODS_3_242,high,sarima,0.5956792465078556,0.7140808752533566,0.7942389953438076,21.0,16.67901890221996
CA_1,FOODS_3_242,high,prophet,0.6604226465680936,0.7750175915779993,0.880563528757458,21.0,18.49183410390662
CA_1,HOUSEHOLD_2_225,high,sarima,1.078837938300621,1.4736293074349516,0.6566839624438563,46.0,30.207462272417388
CA_1,HOUSEHOLD_2_225,high,prophet,1.0532229207028898,1.528998872773738,0.641092212601759,46.0,29.490241779680915
CA_1,FOODS_3_059,high,sarima,1.176721680998731,1.3009636303334429,0.686420980582593,48.0,32.94820706796447
CA_1,FOODS_3_059,high,prophet,1.1866108121900871,1.318592970658727,0.6921896404442176,48.0,33.22510274132244
CA_1,FOODS_1_110,high,sarima,6.027362941528941,6.869645971010075,0.9428277226972646,179.0,168.76616236281035
CA_1,FOODS_1_110,high,prophet,5.6221057248476365,6.431843862000632,0.8794355323784012,179.0,157.41896029573383
TX_1,FOODS_2_183,high,sarima,2.61434734517714,3.747987605865241,0.4575107854059994,160.0,73.20172566495992
TX_1,FOODS_2_183,high,prophet,2.6637325779015475,3.813328350433516,0.4661532011327708,160.0,74.58451218124333
TX_1,HOUSEHOLD_1_331,high,sarima,0.8465844575514135,0.9774491001324608,0.7646569294012767,31.0,23.70436481143958
TX_1,HOUSEHOLD_1_331,high,prophet,0.8725348293246863,1.0136997674955932,0.7880959748739103,31.0,24.430975221091217
CA_1,FOODS_3_540,high,sarima,2.474793821724516,2.9774769979878064,0.444193762873631,156.0,69.29422700828644
CA_1,FOODS_3_540,high,prophet,3.864781657455334,4.562581856410362,0.6936787590304445,156.0,108.21388640874935
TX_1,HOUSEHOLD_1_051,high,sarima,1.6739921451418116,2.0675516181267977,0.2519988175482297,186.0,46.871780063970725
TX_1,HOUSEHOLD_1_051,high,prophet,1.7713114211000611,2.126058725057912,0.2666490311333425,186.0,49.596719790801714
TX_1,HOUSEHOLD_2_409,high,sarima,0.8039546710663517,1.0470239371096577,0.9787274256459932,23.0,22.510730789857845
TX_1,HOUSEHOLD_2_409,high,prophet,0.8059518290381167,1.0435858519146597,0.981158748394229,23.0,22.566651213067267
TX_1,HOBBIES_1_029,high,sarima,0.553106058508847,0.6955756146418236,0.5956526783941429,26.0,15.486969638247714
TX_1,HOBBIES_1_029,high,prophet,0.555376478147737,0.7168667966606384,0.5980977456975629,26.0,15.550541388136637
CA_1,FOODS_3_494,high,sarima,1.1440267136925577,1.49128656899669,0.7626844757950385,42.0,32.032747983391616
CA_1,FOODS_3_494,high,prophet,1.180134520797472,1.5666883494213997,0.7867563471983148,42.0,33.04376658232922
CA_1,FOODS_3_327,high,sarima,1.8095262877763327,2.0644442227949678,0.6413510893384472,79.0,50.66673605773732
CA_1,FOODS_3_327,high,prophet,1.8323548171117032,2.2077879183940605,0.6494422136598442,79.0,51.30593487912769
CA_1,FOODS_3_654,high,sarima,3.339191862187298,4.254153344950435,0.4100761936019488,228.0,93.49737214124434
CA_1,FOODS_3_654,high,prophet,3.344802475770101,4.330582147154039,0.410765216322644,228.0,93.65446932156283
CA_1,FOODS_3_355,high,sarima,1.5633493897545625,1.8168811895682957,0.5149856813309147,85.0,43.77378291312775
CA_1,FOODS_3_355,high,prophet,1.993073020130409,2.3738995766471445,0.6565417007488407,85.0,55.806044563651454
CA_1,FOODS_3_086,high,sarima,4.252193069249495,5.246984606092625,0.3791764520349868,314.0,119.06140593898587
CA_1,FOODS_3_086,high,prophet,4.485519623075872,5.820334942748901,0.3999826415481669,314.0,125.5945494461244
CA_1,HOBBIES_1_009,high,sarima,0.7871526796620106,1.9247344002503888,1.2244597239186832,18.0,22.040275030536296
CA_1,HOBBIES_1_009,high,prophet,0.7241114313261077,1.941030517131412,1.126395559840612,18.0,20.275120077131014
TX_1,FOODS_3_652,high,sarima,1.8314705055503104,2.098316765576288,0.5574040669066161,92.0,51.28117415540869
TX_1,FOODS_3_652,high,prophet,1.7619986675827426,2.1038442382653653,0.5362604640469216,92.0,49.33596269231679
CA_1,FOODS_3_660,high,sarima,1.2494300620216283,2.07102885826783,0.9995440496173028,35.0,34.98404173660559
CA_1,FOODS_3_660,high,prophet,1.2685630023354388,2.0557579954219363,1.014850401868351,35.0,35.51976406539229
TX_1,HOBBIES_1_074,high,sarima,1.141283829661224,1.2466125515219515,1.5217117728816318,21.0,31.955947230514273
TX_1,HOBBIES_1_074,high,prophet,1.0635617069556076,1.181877311326306,1.41808227594081,21.0,29.77972779475701
TX_1,FOODS_2_286,high,sarima,1.6564041921294703,2.2450466041780524,0.5456390279955903,85.0,46.37931737962517
TX_1,FOODS_2_286,high,prophet,1.7510578086990898,2.298724426389317,0.5768190428655825,85.0,49.029618643574516
TX_1,FOODS_3_587,high,sarima,7.357114513476515,8.517276148217778,0.4309606827977874,478.0,205.9992063773424
TX_1,FOODS_3_587,high,prophet,9.044855900756865,10.23123284315358,0.5298241950234146,478.0,253.2559652211922
TX_1,FOODS_3_361,high,sarima,0.9093833343078092,1.1086921669235468,0.6881819827194231,37.0,25.462733360618657
TX_1,FOODS_3_361,high,prophet,0.9110877922890606,1.1129465987553615,0.6894718428133432,37.0,25.510458184093697
CA_1,FOODS_3_127,high,sarima,2.0171576068864208,2.3186879651370957,0.5278543270356989,107.0,56.48041299281978
CA_1,FOODS_3_127,high,prophet,1.8651021882302683,2.226475847992498,0.4880641240228739,107.0,52.22286127044751
